matrix,split,rows,cols,nnz,reference_status,reference_backend,reference_total_s,density_1024_entropy_norm,density_1024_std,density_1024_gini,density_1024_sum,density_1024_backend,density_1024_build_s,density_1024_compute_s,density_1024_total_s,method,normalization,resolution,density_ratio,curve_index,status,compress_backend,compress_s,fft_s,interp_s,total_s,log_mae_interp,entropy_error_interp,radial_error_interp,entropy_error_direct,radial_error_direct,sample_fraction,sample_axis_rows,sample_axis_cols,sample_count,backend,sample_s,compute_s,note
CurlCurl_0,full_eval,11083,11083,113343,ok,gpu,0.1622518771328032,0.6434715896391289,0.012499402997865512,0.9944377171647949,967.8921508789062,gpu,1.4191454739775509,0.13780521717853844,1.557183210970834,density_fft,none,5542,0.5,0,ok,gpu,0.0013350320514291525,0.06093326606787741,0.40403151186183095,0.4664628552272916,1.1899570226669312,0.0033702850341796875,0.0017878714413327884,0.009654998779296875,0.0017825389051463747,,,,,,,,
CurlCurl_0,full_eval,11083,11083,113343,ok,gpu,0.1622518771328032,0.6434715896391289,0.012499402997865512,0.9944377171647949,967.8921508789062,gpu,1.4191454739775509,0.13780521717853844,1.557183210970834,density_fft,mass,5542,0.5,0,ok,gpu,0.0013350320514291525,0.014423985965549946,0.3411554179619998,0.3608659680467099,0.9226430654525757,0.010107040405273438,0.001556415572758367,0.006641387939453125,0.0015541466313448871,,,,,,,,
CurlCurl_0,full_eval,11083,11083,113343,ok,gpu,0.1622518771328032,0.6434715896391289,0.012499402997865512,0.9944377171647949,967.8921508789062,gpu,1.4191454739775509,0.13780521717853844,1.557183210970834,density_fft,unit,5542,0.5,0,ok,gpu,0.0013350320514291525,0.014429797185584903,0.3409820138476789,0.3569562879856676,4.3480377197265625,0.5245418548583984,0.007580720371066944,0.5789909362792969,0.007561695542279178,,,,,,,,
CurlCurl_0,full_eval,11083,11083,113343,ok,gpu,0.1622518771328032,0.6434715896391289,0.012499402997865512,0.9944377171647949,967.8921508789062,gpu,1.4191454739775509,0.13780521717853844,1.557183210970834,density_fft,none,4156,0.375,1,ok,gpu,0.005334867862984538,0.06485837697982788,0.2932197309564799,0.3635387788526714,1.4674432277679443,0.0027618408203125,0.002610762422906379,0.0173187255859375,0.0026092696759307654,,,,,,,,
CurlCurl_0,full_eval,11083,11083,113343,ok,gpu,0.1622518771328032,0.6434715896391289,0.012499402997865512,0.9944377171647949,967.8921508789062,gpu,1.4191454739775509,0.13780521717853844,1.557183210970834,density_fft,mass,4156,0.375,1,ok,gpu,0.005334867862984538,0.007011299952864647,0.29408250912092626,0.3066163999028504,1.091966986656189,0.01406097412109375,0.002181102034356406,0.005096435546875,0.0021795789508404473,,,,,,,,
CurlCurl_0,full_eval,11083,11083,113343,ok,gpu,0.1622518771328032,0.6434715896391289,0.012499402997865512,0.9944377171647949,967.8921508789062,gpu,1.4191454739775509,0.13780521717853844,1.557183210970834,density_fft,unit,4156,0.375,1,ok,gpu,0.005334867862984538,0.0070377199444919825,0.2940103900618851,0.3065508739091456,4.347699165344238,0.4454326629638672,0.006755150293120374,0.5252761840820312,0.006753344846403532,,,,,,,,
CurlCurl_0,full_eval,11083,11083,113343,ok,gpu,0.1622518771328032,0.6434715896391289,0.012499402997865512,0.9944377171647949,967.8921508789062,gpu,1.4191454739775509,0.13780521717853844,1.557183210970834,density_fft,none,2771,0.25,2,ok,gpu,0.002571532968431711,0.06338292290456593,0.2602897440083325,0.3263333321083337,2.032475709915161,0.021436691284179688,0.003674451752311594,0.03954887390136719,0.0036957491577255795,,,,,,,,
CurlCurl_0,full_eval,11083,11083,113343,ok,gpu,0.1622518771328032,0.6434715896391289,0.012499402997865512,0.9944377171647949,967.8921508789062,gpu,1.4191454739775509,0.13780521717853844,1.557183210970834,density_fft,mass,2771,0.25,2,ok,gpu,0.002571532968431711,0.0012168430257588625,0.2604216889012605,0.2643603349570185,1.0922602415084839,0.012880325317382812,0.0029025846444139256,0.004244804382324219,0.0029247321912485025,,,,,,,,
CurlCurl_0,full_eval,11083,11083,113343,ok,gpu,0.1622518771328032,0.6434715896391289,0.012499402997865512,0.9944377171647949,967.8921508789062,gpu,1.4191454739775509,0.13780521717853844,1.557183210970834,density_fft,unit,2771,0.25,2,ok,gpu,0.002571532968431711,0.0012280349619686604,0.2603665520437062,0.264298815978691,4.347540855407715,0.5194129943847656,0.007669886099854001,0.6012554168701172,0.007680754321737343,,,,,,,,
CurlCurl_0,full_eval,11083,11083,113343,ok,gpu,0.1622518771328032,0.6434715896391289,0.012499402997865512,0.9944377171647949,967.8921508789062,gpu,1.4191454739775509,0.13780521717853844,1.557183210970834,density_fft,none,2078,0.1875,3,ok,gpu,0.0025536390021443367,0.057213691994547844,0.2481262288056314,0.3079674930777401,2.386016607284546,0.028806686401367188,0.002974423694337029,0.051033973693847656,0.002984042382139852,,,,,,,,
CurlCurl_0,full_eval,11083,11083,113343,ok,gpu,0.1622518771328032,0.6434715896391289,0.012499402997865512,0.9944377171647949,967.8921508789062,gpu,1.4191454739775509,0.13780521717853844,1.557183210970834,density_fft,mass,2078,0.1875,3,ok,gpu,0.0025536390021443367,0.0008336328901350498,0.24862232920713723,0.25214564288035035,1.1722356081008911,0.014667510986328125,0.0021935004951539124,0.0059947967529296875,0.0022042459772913807,,,,,,,,
CurlCurl_0,full_eval,11083,11083,113343,ok,gpu,0.1622518771328032,0.6434715896391289,0.012499402997865512,0.9944377171647949,967.8921508789062,gpu,1.4191454739775509,0.13780521717853844,1.557183210970834,density_fft,unit,2078,0.1875,3,ok,gpu,0.0025536390021443367,0.0008233820553869009,0.24859776115044951,0.25209275004453957,4.347283363342285,0.5111274719238281,0.00850475134667407,0.5995397567749023,0.00851570898145689,,,,,,,,
CurlCurl_0,full_eval,11083,11083,113343,ok,gpu,0.1622518771328032,0.6434715896391289,0.012499402997865512,0.9944377171647949,967.8921508789062,gpu,1.4191454739775509,0.13780521717853844,1.557183210970834,density_fft,none,1385,0.125,4,ok,gpu,0.0024660800117999315,0.06559886899776757,0.2402122940402478,0.3083517469931394,2.9768013954162598,0.070281982421875,0.006441205828851901,0.09880542755126953,0.0064109204615180725,,,,,,,,
CurlCurl_0,full_eval,11083,11083,113343,ok,gpu,0.1622518771328032,0.6434715896391289,0.012499402997865512,0.9944377171647949,967.8921508789062,gpu,1.4191454739775509,0.13780521717853844,1.557183210970834,density_fft,mass,1385,0.125,4,ok,gpu,0.0024660800117999315,0.00033914600498974323,0.24031323799863458,0.24325268412940204,1.202940821647644,0.012907028198242188,0.003189712969639566,0.004492759704589844,0.003163698811544785,,,,,,,,
CurlCurl_0,full_eval,11083,11083,113343,ok,gpu,0.1622518771328032,0.6434715896391289,0.012499402997865512,0.9944377171647949,967.8921508789062,gpu,1.4191454739775509,0.13780521717853844,1.557183210970834,density_fft,unit,1385,0.125,4,ok,gpu,0.0024660800117999315,0.00033735204488039017,0.2402711878530681,0.2431902640964836,4.347068786621094,0.6436862945556641,0.013542458214646943,0.7373733520507812,0.013543488501464251,,,,,,,,
CurlCurl_0,full_eval,11083,11083,113343,ok,gpu,0.1622518771328032,0.6434715896391289,0.012499402997865512,0.9944377171647949,967.8921508789062,gpu,1.4191454739775509,0.13780521717853844,1.557183210970834,density_fft,none,1039,0.09375,5,ok,gpu,0.002477250061929226,0.09370049787685275,0.2377283088862896,0.3339795800857246,3.208186149597168,0.08144950866699219,0.004892209821963884,0.1145181655883789,0.004875212803453599,,,,,,,,
CurlCurl_0,full_eval,11083,11083,113343,ok,gpu,0.1622518771328032,0.6434715896391289,0.012499402997865512,0.9944377171647949,967.8921508789062,gpu,1.4191454739775509,0.13780521717853844,1.557183210970834,density_fft,mass,1039,0.09375,5,ok,gpu,0.002477250061929226,0.0002487008459866047,0.2383975638076663,0.24125592107884586,1.329252004623413,0.014814376831054688,0.002995788559689588,0.0064296722412109375,0.002993186925244717,,,,,,,,
CurlCurl_0,full_eval,11083,11083,113343,ok,gpu,0.1622518771328032,0.6434715896391289,0.012499402997865512,0.9944377171647949,967.8921508789062,gpu,1.4191454739775509,0.13780521717853844,1.557183210970834,density_fft,unit,1039,0.09375,5,ok,gpu,0.002477250061929226,0.0003204899840056896,0.23778490792028606,0.2407003662083298,4.34647274017334,0.6326980590820312,0.010865585125825295,0.7366571426391602,0.010800497259754082,,,,,,,,
CurlCurl_0,full_eval,11083,11083,113343,ok,gpu,0.1622518771328032,0.6434715896391289,0.012499402997865512,0.9944377171647949,967.8921508789062,gpu,1.4191454739775509,0.13780521717853844,1.557183210970834,density_fft,none,693,0.0625,6,ok,gpu,0.002332191215828061,0.019798601046204567,0.23622846906073391,0.25843261228874326,3.5972115993499756,0.14509963989257812,0.009074191768774272,0.18554210662841797,0.008938225828807649,,,,,,,,
CurlCurl_0,full_eval,11083,11083,113343,ok,gpu,0.1622518771328032,0.6434715896391289,0.012499402997865512,0.9944377171647949,967.8921508789062,gpu,1.4191454739775509,0.13780521717853844,1.557183210970834,density_fft,mass,693,0.0625,6,ok,gpu,0.002332191215828061,0.00024114595726132393,0.23591640498489141,0.23862745938822627,1.3955796957015991,0.013765335083007812,0.00322862531613022,0.0061130523681640625,0.0031301803298057203,,,,,,,,
CurlCurl_0,full_eval,11083,11083,113343,ok,gpu,0.1622518771328032,0.6434715896391289,0.012499402997865512,0.9944377171647949,967.8921508789062,gpu,1.4191454739775509,0.13780521717853844,1.557183210970834,density_fft,unit,693,0.0625,6,ok,gpu,0.002332191215828061,0.00023947306908667088,0.23593666404485703,0.23862316133454442,4.345848560333252,0.7864875793457031,0.0160724398386247,0.9072961807250977,0.016020767374627928,,,,,,,,
CurlCurl_0,full_eval,11083,11083,113343,ok,gpu,0.1622518771328032,0.6434715896391289,0.012499402997865512,0.9944377171647949,967.8921508789062,gpu,1.4191454739775509,0.13780521717853844,1.557183210970834,density_fft,none,520,0.046875,7,ok,gpu,0.0024762891698628664,0.018165030982345343,0.2356269450392574,0.2563419481739402,3.7855777740478516,0.19955062866210938,0.010703350212877194,0.2446460723876953,0.010565469399790195,,,,,,,,
CurlCurl_0,full_eval,11083,11083,113343,ok,gpu,0.1622518771328032,0.6434715896391289,0.012499402997865512,0.9944377171647949,967.8921508789062,gpu,1.4191454739775509,0.13780521717853844,1.557183210970834,density_fft,mass,520,0.046875,7,ok,gpu,0.0024762891698628664,0.0002445629797875881,0.23548820707947016,0.23834204603917897,1.4667119979858398,0.01331329345703125,0.003275793417591538,0.005390167236328125,0.003263204809649578,,,,,,,,
CurlCurl_0,full_eval,11083,11083,113343,ok,gpu,0.1622518771328032,0.6434715896391289,0.012499402997865512,0.9944377171647949,967.8921508789062,gpu,1.4191454739775509,0.13780521717853844,1.557183210970834,density_fft,unit,520,0.046875,7,ok,gpu,0.0024762891698628664,0.00023911194875836372,0.2362264150287956,0.23905757116153836,4.34511137008667,0.8617496490478516,0.018492986792655312,0.9971904754638672,0.018369780276400176,,,,,,,,
CurlCurl_0,full_eval,11083,11083,113343,ok,gpu,0.1622518771328032,0.6434715896391289,0.012499402997865512,0.9944377171647949,967.8921508789062,gpu,1.4191454739775509,0.13780521717853844,1.557183210970834,density_fft,none,346,0.03125,8,ok,gpu,0.002258467022329569,0.058724112808704376,0.2348289720248431,0.29588918294757605,3.9911000728607178,0.2557334899902344,0.0088598009438689,0.3126363754272461,0.00850886691955421,,,,,,,,
CurlCurl_0,full_eval,11083,11083,113343,ok,gpu,0.1622518771328032,0.6434715896391289,0.012499402997865512,0.9944377171647949,967.8921508789062,gpu,1.4191454739775509,0.13780521717853844,1.557183210970834,density_fft,mass,346,0.03125,8,ok,gpu,0.002258467022329569,0.000284841051325202,0.23489745403639972,0.2375937181059271,1.6020551919937134,0.014835357666015625,0.0027175153722021656,0.0075626373291015625,0.002642299897385072,,,,,,,,
CurlCurl_0,full_eval,11083,11083,113343,ok,gpu,0.1622518771328032,0.6434715896391289,0.012499402997865512,0.9944377171647949,967.8921508789062,gpu,1.4191454739775509,0.13780521717853844,1.557183210970834,density_fft,unit,346,0.03125,8,ok,gpu,0.002258467022329569,0.00024557486176490784,0.2349020631518215,0.23752254992723465,4.344048023223877,0.9111442565917969,0.01555504547377626,1.0783939361572266,0.01514663321850164,,,,,,,,
CurlCurl_0,full_eval,11083,11083,113343,ok,gpu,0.1622518771328032,0.6434715896391289,0.012499402997865512,0.9944377171647949,967.8921508789062,gpu,1.4191454739775509,0.13780521717853844,1.557183210970834,density_fft,none,260,0.0234375,9,ok,gpu,0.002469695871695876,0.01788855600170791,0.23381494102068245,0.2542465047445148,4.077738285064697,0.29041290283203125,0.009357015203819423,0.35501861572265625,0.009329351038572922,,,,,,,,
CurlCurl_0,full_eval,11083,11083,113343,ok,gpu,0.1622518771328032,0.6434715896391289,0.012499402997865512,0.9944377171647949,967.8921508789062,gpu,1.4191454739775509,0.13780521717853844,1.557183210970834,density_fft,mass,260,0.0234375,9,ok,gpu,0.002469695871695876,0.00023937411606311798,0.2347867910284549,0.2376288566738367,1.7570472955703735,0.016384124755859375,0.0026637468479126037,0.009013175964355469,0.00274853798429552,,,,,,,,
CurlCurl_0,full_eval,11083,11083,113343,ok,gpu,0.1622518771328032,0.6434715896391289,0.012499402997865512,0.9944377171647949,967.8921508789062,gpu,1.4191454739775509,0.13780521717853844,1.557183210970834,density_fft,unit,260,0.0234375,9,ok,gpu,0.002469695871695876,0.00023722811602056026,0.23488442902453244,0.2377059159334749,4.3426713943481445,0.9145603179931641,0.015163915543998466,1.0858268737792969,0.015080562845284064,,,,,,,,
CurlCurl_0,full_eval,11083,11083,113343,ok,gpu,0.1622518771328032,0.6434715896391289,0.012499402997865512,0.9944377171647949,967.8921508789062,gpu,1.4191454739775509,0.13780521717853844,1.557183210970834,density_fft,none,173,0.015625,10,ok,gpu,0.0024594669230282307,0.06015211506746709,0.2342864831443876,0.29697321983985603,4.18717098236084,0.40122222900390625,0.01590675344078611,0.4896583557128906,0.015828164420979465,,,,,,,,
CurlCurl_0,full_eval,11083,11083,113343,ok,gpu,0.1622518771328032,0.6434715896391289,0.012499402997865512,0.9944377171647949,967.8921508789062,gpu,1.4191454739775509,0.13780521717853844,1.557183210970834,density_fft,mass,173,0.015625,10,ok,gpu,0.0024594669230282307,0.0002374490723013878,0.23480971599929035,0.23763974802568555,1.8891401290893555,0.01604461669921875,0.0032674414196489504,0.012187957763671875,0.003345106740514378,,,,,,,,
CurlCurl_0,full_eval,11083,11083,113343,ok,gpu,0.1622518771328032,0.6434715896391289,0.012499402997865512,0.9944377171647949,967.8921508789062,gpu,1.4191454739775509,0.13780521717853844,1.557183210970834,density_fft,unit,173,0.015625,10,ok,gpu,0.0024594669230282307,0.00023858086206018925,0.23530567297711968,0.23811895493417978,4.341030597686768,0.9757442474365234,0.022593606677852793,1.180419921875,0.022379261510939035,,,,,,,,
CurlCurl_0,full_eval,11083,11083,113343,ok,gpu,0.1622518771328032,0.6434715896391289,0.012499402997865512,0.9944377171647949,967.8921508789062,gpu,1.4191454739775509,0.13780521717853844,1.557183210970834,density_fft,none,130,0.01171875,11,ok,gpu,0.0022806909400969744,0.01813302910886705,0.23485040292143822,0.2553400609176606,4.230430603027344,0.4850196838378906,0.02003874752484969,0.6011590957641602,0.020738020241062045,,,,,,,,
CurlCurl_0,full_eval,11083,11083,113343,ok,gpu,0.1622518771328032,0.6434715896391289,0.012499402997865512,0.9944377171647949,967.8921508789062,gpu,1.4191454739775509,0.13780521717853844,1.557183210970834,density_fft,mass,130,0.01171875,11,ok,gpu,0.0022806909400969744,0.0002396940253674984,0.2346998918801546,0.23735872493125498,2.0358433723449707,0.01653289794921875,0.0035483392392629378,0.008666038513183594,0.0038585429011207383,,,,,,,,
CurlCurl_0,full_eval,11083,11083,113343,ok,gpu,0.1622518771328032,0.6434715896391289,0.012499402997865512,0.9944377171647949,967.8921508789062,gpu,1.4191454739775509,0.13780521717853844,1.557183210970834,density_fft,unit,130,0.01171875,11,ok,gpu,0.0022806909400969744,0.0002380399964749813,0.2347053331322968,0.23733854503370821,4.339101314544678,0.9735164642333984,0.0258351732771047,1.197798728942871,0.026540420032620374,,,,,,,,
CurlCurl_0,full_eval,11083,11083,113343,ok,gpu,0.1622518771328032,0.6434715896391289,0.012499402997865512,0.9944377171647949,967.8921508789062,gpu,1.4191454739775509,0.13780521717853844,1.557183210970834,density_fft,none,87,0.0078125,12,ok,gpu,0.002441250951960683,0.014534019166603684,0.23378988285548985,0.2508382727392018,4.276085376739502,0.6296787261962891,0.017527958197089202,0.7926845550537109,0.017765354811089477,,,,,,,,
CurlCurl_0,full_eval,11083,11083,113343,ok,gpu,0.1622518771328032,0.6434715896391289,0.012499402997865512,0.9944377171647949,967.8921508789062,gpu,1.4191454739775509,0.13780521717853844,1.557183210970834,density_fft,mass,87,0.0078125,12,ok,gpu,0.002441250951960683,0.00023937388323247433,0.23468759888783097,0.23750039795413613,2.2287771701812744,0.01786041259765625,0.0023726870953483525,0.014865875244140625,0.0039335788110261925,,,,,,,,
CurlCurl_0,full_eval,11083,11083,113343,ok,gpu,0.1622518771328032,0.6434715896391289,0.012499402997865512,0.9944377171647949,967.8921508789062,gpu,1.4191454739775509,0.13780521717853844,1.557183210970834,density_fft,unit,87,0.0078125,12,ok,gpu,0.002441250951960683,0.00024117599241435528,0.2346644438803196,0.2374619240872562,4.336221218109131,1.0061454772949219,0.021255370963895133,1.259115219116211,0.02149634883706121,,,,,,,,
CurlCurl_0,full_eval,11083,11083,113343,ok,gpu,0.1622518771328032,0.6434715896391289,0.012499402997865512,0.9944377171647949,967.8921508789062,gpu,1.4191454739775509,0.13780521717853844,1.557183210970834,spfft_grid,na,2,,0,ok,,,,0.30883195507340133,40.27610887703486,4.369459629058838,0.02652740478515625,0.002219137558846474,3.5762786865234375e-07,0.0,0.00015625,2.0,2.0,4.0,gpu_pruned,0.000331641873344779,39.96694528008811,
CurlCurl_0,full_eval,11083,11083,113343,ok,gpu,0.1622518771328032,0.6434715896391289,0.012499402997865512,0.9944377171647949,967.8921508789062,gpu,1.4191454739775509,0.13780521717853844,1.557183210970834,spfft_grid,na,3,,1,ok,,,,0.2703726519830525,40.18142881570384,3.6023402214050293,0.019510269165039062,0.004101618678625018,7.3909759521484375e-06,1.988360457420499e-06,0.0003125,3.0,3.0,9.0,gpu_pruned,0.0001638068351894617,39.9108923568856,
CurlCurl_0,full_eval,11083,11083,113343,ok,gpu,0.1622518771328032,0.6434715896391289,0.012499402997865512,0.9944377171647949,967.8921508789062,gpu,1.4191454739775509,0.13780521717853844,1.557183210970834,spfft_grid,na,6,,2,ok,,,,0.26233956101350486,40.18838368006982,1.2861599922180176,0.012126922607421875,0.008720537994032471,0.013324975967407227,0.0017751235866570528,0.000625,6.0,6.0,36.0,gpu_pruned,0.00025226804427802563,39.925791851012036,
CurlCurl_0,full_eval,11083,11083,113343,ok,gpu,0.1622518771328032,0.6434715896391289,0.012499402997865512,0.9944377171647949,967.8921508789062,gpu,1.4191454739775509,0.13780521717853844,1.557183210970834,spfft_grid,na,13,,3,ok,,,,0.28642900893464684,40.43189744115807,1.2395224571228027,0.010133743286132812,0.004498637071742299,0.0025010108947753906,0.0019206232938177188,0.00125,13.0,13.0,169.0,gpu_pruned,0.0004623541608452797,40.14500607806258,
CurlCurl_0,full_eval,11083,11083,113343,ok,gpu,0.1622518771328032,0.6434715896391289,0.012499402997865512,0.9944377171647949,967.8921508789062,gpu,1.4191454739775509,0.13780521717853844,1.557183210970834,spfft_grid,na,27,,4,ok,,,,0.2899217321537435,40.54308843216859,0.9755300283432007,0.0029506683349609375,0.0025317567572936653,0.012381553649902344,0.0012348533279409877,0.0025,27.0,27.0,729.0,gpu_pruned,0.0014806739054620266,40.25168602610938,
CurlCurl_0,full_eval,11083,11083,113343,ok,gpu,0.1622518771328032,0.6434715896391289,0.012499402997865512,0.9944377171647949,967.8921508789062,gpu,1.4191454739775509,0.13780521717853844,1.557183210970834,spfft_grid,na,55,,5,ok,,,,0.2581344221252948,40.9223334454,0.8519912958145142,0.008840560913085938,0.000535938390551208,0.007860183715820312,0.0005060326130130226,0.005,55.0,55.0,3025.0,gpu_pruned,0.006423113169148564,40.657775910105556,
CurlCurl_0,full_eval,11083,11083,113343,ok,gpu,0.1622518771328032,0.6434715896391289,0.012499402997865512,0.9944377171647949,967.8921508789062,gpu,1.4191454739775509,0.13780521717853844,1.557183210970834,spfft_grid,na,110,,6,ok,,,,0.2603568199556321,42.15511250519194,0.8078311681747437,0.0108489990234375,0.0010468760696758885,0.0058078765869140625,0.00020838904038346584,0.01,110.0,110.0,12100.0,gpu_pruned,0.021256741136312485,41.87349894409999,
CurlCurl_0,full_eval,11083,11083,113343,ok,gpu,0.1622518771328032,0.6434715896391289,0.012499402997865512,0.9944377171647949,967.8921508789062,gpu,1.4191454739775509,0.13780521717853844,1.557183210970834,spfft_grid,na,221,,7,ok,,,,0.2852785710711032,47.48033724911511,0.7757388353347778,0.00943756103515625,0.00037995117882230436,0.00597381591796875,0.00011081009924242025,0.02,221.0,221.0,48841.0,gpu_pruned,0.11189084709621966,47.08316783094779,
CurlCurl_0,full_eval,11083,11083,113343,ok,gpu,0.1622518771328032,0.6434715896391289,0.012499402997865512,0.9944377171647949,967.8921508789062,gpu,1.4191454739775509,0.13780521717853844,1.557183210970834,spfft_grid,na,554,,8,ok,,,,0.2563991982024163,73.62178866635077,0.6589841842651367,0.010236740112304688,0.00035624514186852543,0.004719734191894531,6.334048532333425e-05,0.05,554.0,554.0,306916.0,gpu_pruned,0.6121170171536505,72.7532724509947,
CurlCurl_0,full_eval,11083,11083,113343,ok,gpu,0.1622518771328032,0.6434715896391289,0.012499402997865512,0.9944377171647949,967.8921508789062,gpu,1.4191454739775509,0.13780521717853844,1.557183210970834,spfft_grid,na,1108,,9,ok,,,,0.28586406796239316,165.99193657701835,0.5731080770492554,0.00937652587890625,7.362935357398072e-05,0.004801750183105469,2.507316669892167e-05,0.1,1108.0,1108.0,1227664.0,gpu_pruned,2.569296935107559,163.1367755739484,
CurlCurl_0,full_eval,11083,11083,113343,ok,gpu,0.1622518771328032,0.6434715896391289,0.012499402997865512,0.9944377171647949,967.8921508789062,gpu,1.4191454739775509,0.13780521717853844,1.557183210970834,sparse_direct_grid,na,2,,0,ok,,,,0.28778700716793537,19.897114103427157,4.369556903839111,0.02652740478515625,0.0022191375538393615,1.1920928955078125e-07,0.0,0.00015625,2.0,2.0,4.0,gpu_direct,0.00019944505766034126,19.60912765120156,
CurlCurl_0,full_eval,11083,11083,113343,ok,gpu,0.1622518771328032,0.6434715896391289,0.012499402997865512,0.9944377171647949,967.8921508789062,gpu,1.4191454739775509,0.13780521717853844,1.557183210970834,sparse_direct_grid,na,3,,1,ok,,,,0.23347744112834334,0.2935840191785246,3.602165460586548,0.01950836181640625,0.004102085417864365,7.152557373046875e-07,1.914441273495604e-07,0.0003125,3.0,3.0,9.0,gpu_direct,0.00010040402412414551,0.060006174026057124,
CurlCurl_0,full_eval,11083,11083,113343,ok,gpu,0.1622518771328032,0.6434715896391289,0.012499402997865512,0.9944377171647949,967.8921508789062,gpu,1.4191454739775509,0.13780521717853844,1.557183210970834,sparse_direct_grid,na,6,,2,ok,,,,0.23344163107685745,0.23758261906914413,1.283789038658142,0.011898040771484375,0.008699920035104464,0.012954473495483398,0.0017573175736438577,0.000625,6.0,6.0,36.0,gpu_direct,0.00014984002336859703,0.003991147968918085,
CurlCurl_0,full_eval,11083,11083,113343,ok,gpu,0.1622518771328032,0.6434715896391289,0.012499402997865512,0.9944377171647949,967.8921508789062,gpu,1.4191454739775509,0.13780521717853844,1.557183210970834,sparse_direct_grid,na,13,,3,ok,,,,0.23346215207129717,0.2379523660056293,1.2357404232025146,0.010562896728515625,0.0043976784361671965,0.0019059181213378906,0.00183676026269781,0.00125,13.0,13.0,169.0,gpu_direct,0.00038965302519500256,0.00410056090913713,
CurlCurl_0,full_eval,11083,11083,113343,ok,gpu,0.1622518771328032,0.6434715896391289,0.012499402997865512,0.9944377171647949,967.8921508789062,gpu,1.4191454739775509,0.13780521717853844,1.557183210970834,sparse_direct_grid,na,27,,4,ok,,,,0.23342143301852047,0.2390441382303834,0.9741401076316833,0.0031528472900390625,0.0025082454252302404,0.01205587387084961,0.0012092320054812563,0.0025,27.0,27.0,729.0,gpu_direct,0.0014190750662237406,0.004203630145639181,
CurlCurl_0,full_eval,11083,11083,113343,ok,gpu,0.1622518771328032,0.6434715896391289,0.012499402997865512,0.9944377171647949,967.8921508789062,gpu,1.4191454739775509,0.13780521717853844,1.557183210970834,sparse_direct_grid,na,55,,5,ok,,,,0.2333979371469468,0.24369534105062485,0.8521348834037781,0.008831024169921875,0.0005339191491693534,0.007863998413085938,0.0005096968393065839,0.005,55.0,55.0,3025.0,gpu_direct,0.00533466599881649,0.004962737904861569,
CurlCurl_0,full_eval,11083,11083,113343,ok,gpu,0.1622518771328032,0.6434715896391289,0.012499402997865512,0.9944377171647949,967.8921508789062,gpu,1.4191454739775509,0.13780521717853844,1.557183210970834,sparse_direct_grid,na,110,,6,ok,,,,0.23383792815729976,0.2629454033449292,0.807965874671936,0.010831832885742188,0.0010472775970463688,0.0058460235595703125,0.00021051097311683588,0.01,110.0,110.0,12100.0,gpu_direct,0.020519935991615057,0.008587539196014404,
CurlCurl_0,full_eval,11083,11083,113343,ok,gpu,0.1622518771328032,0.6434715896391289,0.012499402997865512,0.9944377171647949,967.8921508789062,gpu,1.4191454739775509,0.13780521717853844,1.557183210970834,sparse_direct_grid,na,221,,7,ok,,,,0.2335011470131576,0.3391431709751487,0.7757272124290466,0.009435653686523438,0.00037944762834330364,0.005969047546386719,0.00011151083773157638,0.02,221.0,221.0,48841.0,gpu_direct,0.08305071201175451,0.02259131195023656,
CurlCurl_0,full_eval,11083,11083,113343,ok,gpu,0.1622518771328032,0.6434715896391289,0.012499402997865512,0.9944377171647949,967.8921508789062,gpu,1.4191454739775509,0.13780521717853844,1.557183210970834,sparse_direct_grid,na,554,,8,ok,,,,0.23936473787762225,0.984972010133788,0.6589803099632263,0.010232925415039062,0.0003567348136173695,0.004717826843261719,6.375099241443454e-05,0.05,554.0,554.0,306916.0,gpu_direct,0.6055539860390127,0.14005328621715307,
CurlCurl_0,full_eval,11083,11083,113343,ok,gpu,0.1622518771328032,0.6434715896391289,0.012499402997865512,0.9944377171647949,967.8921508789062,gpu,1.4191454739775509,0.13780521717853844,1.557183210970834,sparse_direct_grid,na,1108,,9,ok,,,,0.24771376396529377,3.3612069070804864,0.5731019973754883,0.009380340576171875,7.361779386599562e-05,0.0047969818115234375,2.4890169854768285e-05,0.1,1108.0,1108.0,1227664.0,gpu_direct,2.475944658042863,0.6375484850723296,
bundle1,manual,10581,10581,770901,ok,gpu,0.07860209001228213,0.6729465689500262,0.07031583604607482,0.991481707759192,7231.919921875,gpu,0.7490190169773996,0.10570571199059486,0.855996600817889,density_fft,all,5290,0.5,0,skipped:CUDARuntimeError,,,,,,,,,,,,,,,,,,cudaErrorIllegalAddress: an illegal memory access was encountered
bundle1,manual,10581,10581,770901,ok,gpu,0.07860209001228213,0.6729465689500262,0.07031583604607482,0.991481707759192,7231.919921875,gpu,0.7490190169773996,0.10570571199059486,0.855996600817889,density_fft,all,3968,0.375,1,skipped:CUDARuntimeError,,,,,,,,,,,,,,,,,,cudaErrorIllegalAddress: an illegal memory access was encountered
bundle1,manual,10581,10581,770901,ok,gpu,0.07860209001228213,0.6729465689500262,0.07031583604607482,0.991481707759192,7231.919921875,gpu,0.7490190169773996,0.10570571199059486,0.855996600817889,density_fft,all,2645,0.25,2,skipped:CUDARuntimeError,,,,,,,,,,,,,,,,,,cudaErrorIllegalAddress: an illegal memory access was encountered
bundle1,manual,10581,10581,770901,ok,gpu,0.07860209001228213,0.6729465689500262,0.07031583604607482,0.991481707759192,7231.919921875,gpu,0.7490190169773996,0.10570571199059486,0.855996600817889,density_fft,all,1984,0.1875,3,skipped:CUDARuntimeError,,,,,,,,,,,,,,,,,,cudaErrorIllegalAddress: an illegal memory access was encountered
bundle1,manual,10581,10581,770901,ok,gpu,0.07860209001228213,0.6729465689500262,0.07031583604607482,0.991481707759192,7231.919921875,gpu,0.7490190169773996,0.10570571199059486,0.855996600817889,density_fft,all,1323,0.125,4,skipped:CUDARuntimeError,,,,,,,,,,,,,,,,,,cudaErrorIllegalAddress: an illegal memory access was encountered
bundle1,manual,10581,10581,770901,ok,gpu,0.07860209001228213,0.6729465689500262,0.07031583604607482,0.991481707759192,7231.919921875,gpu,0.7490190169773996,0.10570571199059486,0.855996600817889,density_fft,all,992,0.09375,5,skipped:CUDARuntimeError,,,,,,,,,,,,,,,,,,cudaErrorIllegalAddress: an illegal memory access was encountered
bundle1,manual,10581,10581,770901,ok,gpu,0.07860209001228213,0.6729465689500262,0.07031583604607482,0.991481707759192,7231.919921875,gpu,0.7490190169773996,0.10570571199059486,0.855996600817889,density_fft,all,661,0.0625,6,skipped:CUDARuntimeError,,,,,,,,,,,,,,,,,,cudaErrorIllegalAddress: an illegal memory access was encountered
bundle1,manual,10581,10581,770901,ok,gpu,0.07860209001228213,0.6729465689500262,0.07031583604607482,0.991481707759192,7231.919921875,gpu,0.7490190169773996,0.10570571199059486,0.855996600817889,density_fft,all,496,0.046875,7,skipped:CUDARuntimeError,,,,,,,,,,,,,,,,,,cudaErrorIllegalAddress: an illegal memory access was encountered
bundle1,manual,10581,10581,770901,ok,gpu,0.07860209001228213,0.6729465689500262,0.07031583604607482,0.991481707759192,7231.919921875,gpu,0.7490190169773996,0.10570571199059486,0.855996600817889,density_fft,all,331,0.03125,8,skipped:CUDARuntimeError,,,,,,,,,,,,,,,,,,cudaErrorIllegalAddress: an illegal memory access was encountered
bundle1,manual,10581,10581,770901,ok,gpu,0.07860209001228213,0.6729465689500262,0.07031583604607482,0.991481707759192,7231.919921875,gpu,0.7490190169773996,0.10570571199059486,0.855996600817889,density_fft,all,248,0.0234375,9,skipped:CUDARuntimeError,,,,,,,,,,,,,,,,,,cudaErrorIllegalAddress: an illegal memory access was encountered
bundle1,manual,10581,10581,770901,ok,gpu,0.07860209001228213,0.6729465689500262,0.07031583604607482,0.991481707759192,7231.919921875,gpu,0.7490190169773996,0.10570571199059486,0.855996600817889,density_fft,all,165,0.015625,10,skipped:CUDARuntimeError,,,,,,,,,,,,,,,,,,cudaErrorIllegalAddress: an illegal memory access was encountered
bundle1,manual,10581,10581,770901,ok,gpu,0.07860209001228213,0.6729465689500262,0.07031583604607482,0.991481707759192,7231.919921875,gpu,0.7490190169773996,0.10570571199059486,0.855996600817889,density_fft,all,124,0.01171875,11,skipped:CUDARuntimeError,,,,,,,,,,,,,,,,,,cudaErrorIllegalAddress: an illegal memory access was encountered
bundle1,manual,10581,10581,770901,ok,gpu,0.07860209001228213,0.6729465689500262,0.07031583604607482,0.991481707759192,7231.919921875,gpu,0.7490190169773996,0.10570571199059486,0.855996600817889,density_fft,all,83,0.0078125,12,skipped:CUDARuntimeError,,,,,,,,,,,,,,,,,,cudaErrorIllegalAddress: an illegal memory access was encountered
bundle1,manual,10581,10581,770901,ok,gpu,0.07860209001228213,0.6729465689500262,0.07031583604607482,0.991481707759192,7231.919921875,gpu,0.7490190169773996,0.10570571199059486,0.855996600817889,spfft_grid,na,2,,0,error:CUDARuntimeError,,,,,,,,,,,0.00015625,2.0,2.0,4.0,,0.0002571539953351021,,cudaErrorIllegalAddress: an illegal memory access was encountered
bundle1,manual,10581,10581,770901,ok,gpu,0.07860209001228213,0.6729465689500262,0.07031583604607482,0.991481707759192,7231.919921875,gpu,0.7490190169773996,0.10570571199059486,0.855996600817889,spfft_grid,na,3,,1,error:CUDARuntimeError,,,,,,,,,,,0.0003125,3.0,3.0,9.0,,0.0001403801143169403,,cudaErrorIllegalAddress: an illegal memory access was encountered
bundle1,manual,10581,10581,770901,ok,gpu,0.07860209001228213,0.6729465689500262,0.07031583604607482,0.991481707759192,7231.919921875,gpu,0.7490190169773996,0.10570571199059486,0.855996600817889,spfft_grid,na,6,,2,error:CUDARuntimeError,,,,,,,,,,,0.000625,6.0,6.0,36.0,,0.000369807006791234,,cudaErrorIllegalAddress: an illegal memory access was encountered
bundle1,manual,10581,10581,770901,ok,gpu,0.07860209001228213,0.6729465689500262,0.07031583604607482,0.991481707759192,7231.919921875,gpu,0.7490190169773996,0.10570571199059486,0.855996600817889,spfft_grid,na,13,,3,error:CUDARuntimeError,,,,,,,,,,,0.00125,13.0,13.0,169.0,,0.0008622549939900637,,cudaErrorIllegalAddress: an illegal memory access was encountered
bundle1,manual,10581,10581,770901,ok,gpu,0.07860209001228213,0.6729465689500262,0.07031583604607482,0.991481707759192,7231.919921875,gpu,0.7490190169773996,0.10570571199059486,0.855996600817889,spfft_grid,na,26,,4,error:CUDARuntimeError,,,,,,,,,,,0.0025,26.0,26.0,676.0,,0.0016871450934559107,,cudaErrorIllegalAddress: an illegal memory access was encountered
bundle1,manual,10581,10581,770901,ok,gpu,0.07860209001228213,0.6729465689500262,0.07031583604607482,0.991481707759192,7231.919921875,gpu,0.7490190169773996,0.10570571199059486,0.855996600817889,spfft_grid,na,52,,5,error:CUDARuntimeError,,,,,,,,,,,0.005,52.0,52.0,2704.0,,0.007732427911832929,,cudaErrorIllegalAddress: an illegal memory access was encountered
bundle1,manual,10581,10581,770901,ok,gpu,0.07860209001228213,0.6729465689500262,0.07031583604607482,0.991481707759192,7231.919921875,gpu,0.7490190169773996,0.10570571199059486,0.855996600817889,spfft_grid,na,105,,6,error:CUDARuntimeError,,,,,,,,,,,0.01,105.0,105.0,11025.0,,0.02685310202650726,,cudaErrorIllegalAddress: an illegal memory access was encountered
bundle1,manual,10581,10581,770901,ok,gpu,0.07860209001228213,0.6729465689500262,0.07031583604607482,0.991481707759192,7231.919921875,gpu,0.7490190169773996,0.10570571199059486,0.855996600817889,sparse_direct_grid,na,2,,0,error:CUDARuntimeError,,,,,,,,,,,0.00015625,2.0,2.0,4.0,,0.0002547791227698326,,cudaErrorIllegalAddress: an illegal memory access was encountered
bundle1,manual,10581,10581,770901,ok,gpu,0.07860209001228213,0.6729465689500262,0.07031583604607482,0.991481707759192,7231.919921875,gpu,0.7490190169773996,0.10570571199059486,0.855996600817889,sparse_direct_grid,na,3,,1,error:CUDARuntimeError,,,,,,,,,,,0.0003125,3.0,3.0,9.0,,0.00013109110295772552,,cudaErrorIllegalAddress: an illegal memory access was encountered
bundle1,manual,10581,10581,770901,ok,gpu,0.07860209001228213,0.6729465689500262,0.07031583604607482,0.991481707759192,7231.919921875,gpu,0.7490190169773996,0.10570571199059486,0.855996600817889,sparse_direct_grid,na,6,,2,error:CUDARuntimeError,,,,,,,,,,,0.000625,6.0,6.0,36.0,,0.00018319184891879559,,cudaErrorIllegalAddress: an illegal memory access was encountered
bundle1,manual,10581,10581,770901,ok,gpu,0.07860209001228213,0.6729465689500262,0.07031583604607482,0.991481707759192,7231.919921875,gpu,0.7490190169773996,0.10570571199059486,0.855996600817889,sparse_direct_grid,na,13,,3,error:CUDARuntimeError,,,,,,,,,,,0.00125,13.0,13.0,169.0,,0.00044649303890764713,,cudaErrorIllegalAddress: an illegal memory access was encountered
bundle1,manual,10581,10581,770901,ok,gpu,0.07860209001228213,0.6729465689500262,0.07031583604607482,0.991481707759192,7231.919921875,gpu,0.7490190169773996,0.10570571199059486,0.855996600817889,sparse_direct_grid,na,26,,4,error:CUDARuntimeError,,,,,,,,,,,0.0025,26.0,26.0,676.0,,0.0014172098599374294,,cudaErrorIllegalAddress: an illegal memory access was encountered
bundle1,manual,10581,10581,770901,ok,gpu,0.07860209001228213,0.6729465689500262,0.07031583604607482,0.991481707759192,7231.919921875,gpu,0.7490190169773996,0.10570571199059486,0.855996600817889,sparse_direct_grid,na,52,,5,error:CUDARuntimeError,,,,,,,,,,,0.005,52.0,52.0,2704.0,,0.0053938080091029406,,cudaErrorIllegalAddress: an illegal memory access was encountered
bundle1,manual,10581,10581,770901,ok,gpu,0.07860209001228213,0.6729465689500262,0.07031583604607482,0.991481707759192,7231.919921875,gpu,0.7490190169773996,0.10570571199059486,0.855996600817889,sparse_direct_grid,na,105,,6,error:CUDARuntimeError,,,,,,,,,,,0.01,105.0,105.0,11025.0,,0.02255027904175222,,cudaErrorIllegalAddress: an illegal memory access was encountered
